0x807110,Name,Description,ID,Default Class Promoted From/To,Standing Map Anims,Move Speed,Generic Mug,N/A,HP,Atk,Skl,Spd,Def,Res,Con,Mov,HP Cap,Atk Cap,Skl Cap,Spd Cap,Def Cap,Res Cap,Con Cap,Class Relative Power,HP Growth,Atk Growth,Skl Growth,Spd Growth,Def Growth,Res Growth,Luck Growth,HP Promo Gain,Atk Promo Gain,Skl Promo Gain,Spd Promo Gain,Def Promo Gain,Res Promo Gain,CharClassAbility,Sword,Lance,Axe,Bow,Staff,Anima,Light,Dark,Battle Anims,Move Costs,Rain Move Costs,Snow Move Costs,Avo Bonus,Def Bonus,Res Bonus,Class Type
None,0x0,0x0,0x0,0x0,0x0,0x0,0x0,0x0,0,0,0,0,0,0,0,0,0,0,0,0,0,0,0,0,0,0,0,0,0,37,0,37,0,0,65,0,0,0x1000002,NoRank,NoRank,NoRank,NoRank,NoRank,NoRank,NoRank,NoRank,0x1f,0x0,0x231e143c,0x190f0f,0x0,0x0,0x0,0x0
Commander,CommanderName,CommanderDesc,0x1,0x3,0x0,0x0,0x8b,0x1,0,0,0,0,0,0,0,5,60,20,20,20,20,20,20,3,0,0,0,0,0,0,0,0,0,0,0,0,0,UnlockEphraim|IsLord|SwordmasterUnlock,DRank,NoRank,NoRank,NoRank,NoRank,NoRank,NoRank,NoRank,CommanderAnim|IsPointer,0x880b808,0x880bc59,0x880c069,0x880c479,0x880c4ba,0x880c4fb,SwordType
Priestess,PriestessName,PriestessDesc,0x2,0x4,0x1,0x0,0x8b,0x1,0,0,0,0,0,0,0,6,60,20,20,20,20,20,20,3,0,0,0,0,0,0,0,0,0,0,0,0,0,UnlockEirika|IsFemale,BRank,NoRank,NoRank,NoRank,ARank,NoRank,NoRank,NoRank,PriestessAnim|IsPointer,0x880b808,0x880bc59,0x880c069,0x880c479,0x880c4ba,0x880c4fb,0x0
Acolyte,AcolyteName,AcolyteDesc,0x3,0x1,0x2,0x0,0x8b,0x2,0,0,0,0,0,0,0,5,60,20,20,20,20,20,20,3,0,0,0,0,0,0,0,4,2,3,2,2,5,UnlockLock3|IsFemale,NoRank,NoRank,NoRank,NoRank,NoRank,NoRank,DRank,DRank,AcolyteAnim|IsPointer,0x880ba10,0x880be61,0x880c271,0x880c479,0x880c4ba,0x880c4fb,0x0
Tactician,TacticianName,TacticianDesc,0x4,0x2,0x3,0x0,0x8b,0x2,0,0,0,0,0,0,0,6,60,20,20,20,20,20,20,3,0,0,0,0,0,0,0,4,2,2,1,3,5,UnlockLock4|IsFemale,NoRank,NoRank,NoRank,NoRank,NoRank,DRank,NoRank,NoRank,TacticianAnim|IsPointer,0x880ba10,0x880be61,0x880c271,0x880c479,0x880c4ba,0x880c4fb,0x0
Cavalier,0x2c1,CavalierDesc,0x5,0x7,0x4,0x0,0x80,0x20,22,6,5,4,5,2,9,7,60,20,20,20,20,20,20,3,55,45,45,35,26,15,20,0,0,0,0,0,0,MountedAid|HasCanto,ERank,DRank,NoRank,NoRank,NoRank,NoRank,NoRank,NoRank,0x88af008,0x880ba92,0x880bee3,0x880c2f3,0x880c479,0x880c4ba,0x880c4fb,HorseType
Cavalier (F),0x2c1,CavalierDesc,0x6,0x8,0x4,0x0,0x80,0x20,22,6,5,5,5,2,9,7,60,20,20,20,20,20,20,3,55,45,45,35,26,15,20,1,0,2,2,0,2,MountedAid|HasCanto,ERank,DRank,NoRank,NoRank,NoRank,NoRank,NoRank,NoRank,0x88af018,0x880ba92,0x880bee3,0x880c2f3,0x880c479,0x880c4ba,0x880c4fb,HorseType
Paladin,0x2c2,PaladinDesc,0x7,0x5,0x5,0x0,0x81,0x21,24,8,7,7,7,5,10,8,60,20,20,20,20,20,20,3,55,45,45,35,25,15,20,2,1,1,1,2,1,MountedAid|HasCanto|IsPromoted,DRank,DRank,NoRank,NoRank,NoRank,NoRank,NoRank,NoRank,0x88af028,0x880bad3,0x880bf24,0x880c334,0x880c479,0x880c4ba,0x880c4fb,HorseType
Paladin (F),0x2c2,PaladinDesc,0x8,0x6,0x9,0x0,0x81,0x21,24,8,5,5,9,3,11,8,60,20,20,20,20,20,20,3,55,45,45,35,25,15,20,1,1,1,2,1,2,MountedAid|HasCanto|IsPromoted,DRank,NoRank,DRank,NoRank,NoRank,NoRank,NoRank,NoRank,HexAnim|IsPointer,0x880bad3,0x880bf24,0x880c334,0x880c479,0x880c4ba,0x880c4fb,HorseType
Armour Knight,0x2c3,KnightDesc,0x9,0xb,0x6,0x1,0x76,0xc,24,8,5,0,8,0,13,4,60,20,20,20,20,20,20,3,90,55,26,10,100,5,20,0,0,0,0,0,0,0x0,NoRank,DRank,NoRank,NoRank,NoRank,NoRank,NoRank,NoRank,0x88af048,0x880b88a,0x880bcdb,0x880c0eb,0x880c479,0x880c4ba,0x880c4fb,ArmorType
Armour Knight (F),0x2c3,KnightDesc,0xa,0xc,0x6,0x1,0x76,0xc,24,8,5,0,8,0,13,4,60,20,20,20,20,20,20,3,90,55,26,10,100,5,20,2,1,1,1,2,0,0x0,NoRank,DRank,NoRank,NoRank,NoRank,NoRank,NoRank,NoRank,0x88af054,0x880b88a,0x880bcdb,0x880c0eb,0x880c479,0x880c4ba,0x880c4fb,ArmorType
General,0x2c4,GeneralDesc,0xb,0x9,0x7,0x1,0x77,0xd,26,10,7,5,10,3,15,5,60,20,20,20,20,20,20,3,90,55,26,10,100,5,20,4,2,2,3,2,3,IsPromoted,ERank,CRank,ERank,NoRank,NoRank,NoRank,NoRank,NoRank,0x88af060,0x880b88a,0x880bcdb,0x880c0eb,0x880c479,0x880c4ba,0x880c4fb,ArmorType
General (F),0x2c4,GeneralDesc,0xc,0xa,0x7,0x1,0x77,0xd,26,10,7,5,10,3,15,5,60,20,20,20,20,20,20,3,90,55,26,10,100,5,20,3,2,3,2,3,3,IsPromoted,ERank,CRank,ERank,NoRank,NoRank,NoRank,NoRank,NoRank,0x88af080,0x880b88a,0x880bcdb,0x880c0eb,0x880c479,0x880c4ba,0x880c4fb,ArmorType
Thief,0x2c5,ThiefDesc,0xd,0x17,0x8,0x0,0x8e,0x7,20,3,8,8,3,3,6,6,60,20,20,20,20,20,20,2,30,30,55,65,10,10,100,0,0,0,0,0,0,Steal|CanUseLockpick,ERank,NoRank,NoRank,NoRank,NoRank,NoRank,NoRank,NoRank,ThiefMAnim|IsPointer,0x880b9cf,0x880be20,0x880c230,0x880c479,0x880c4ba,0x880c4fb,SwordType
Manakete,0x2d7,0x323,0xe,0x1f,0x9,0x0,0x8f,0x1f,12,0,0,2,2,2,5,8,60,20,20,20,20,20,20,2,95,40,30,20,0,10,25,0,0,0,0,0,0,UseMonsterWeapons,NoRank,NoRank,NoRank,NoRank,NoRank,NoRank,NoRank,NoRank,0x88af0ac,0x880bb96,0x880bfe7,0x880c3f7,0x880c53c,0x880c57d,0x880c5be,DragonType
Mercenary,0x2c6,MercDesc,0xf,0x11,0xa,0x0,0x90,0x3,22,5,7,5,3,1,8,5,60,20,20,20,20,20,20,3,60,50,50,45,35,20,35,0,0,0,0,0,0,0x0,DRank,NoRank,NoRank,NoRank,NoRank,NoRank,NoRank,NoRank,0x88af0b8,0x880b849,0x880bc9a,0x880c0aa,0x880c479,0x880c4ba,0x880c4fb,SwordType
Supplier,SupplierName,SupplierDesc,0x10,0x12,0xb,0x0,0x90,0x3,0,0,0,0,0,0,0,6,60,20,20,20,20,20,20,3,0,0,0,0,0,0,0,0,0,0,0,0,0,UnlockLock1|IsFemale,NoRank,ERank,NoRank,NoRank,NoRank,NoRank,NoRank,NoRank,SupplierAnim|IsPointer,0x880b849,0x880bc9a,0x880c0aa,0x880c479,0x880c4ba,0x880c4fb,SwordType
Hero,0x2c7,HeroDesc,0x11,0xf,0xc,0x0,0x91,0x4,24,7,9,8,7,4,11,6,60,20,20,20,20,20,20,3,60,50,50,45,35,20,35,4,1,2,2,2,2,IsPromoted,CRank,NoRank,DRank,NoRank,NoRank,NoRank,NoRank,NoRank,0x88af0d0,0x880b808,0x880bc59,0x880c069,0x880c479,0x880c4ba,0x880c4fb,SwordType
Wushu,WushuName,WushuDesc,0x12,0x10,0xd,0x0,0x8e,0x4,22,6,5,4,5,2,11,5,60,20,20,20,20,20,20,2,65,40,55,40,40,15,25,0,0,0,0,0,0,0x0,NoRank,ERank,NoRank,NoRank,NoRank,NoRank,NoRank,NoRank,ThiefFAnim|IsPointer,0x880b849,0x880bc9a,0x880c0aa,0x880c479,0x880c4ba,0x880c4fb,0x0
Myrmidon,0x2c8,MyrmDesc,0x13,0x15,0xe,0x0,0x72,0x5,21,4,7,7,2,2,5,5,60,20,20,20,20,20,20,3,51,40,51,70,26,26,45,0,0,0,0,0,0,SwordmasterUnlock,DRank,NoRank,NoRank,NoRank,NoRank,NoRank,NoRank,NoRank,0x88af108,0x880b849,0x880bc9a,0x880c0aa,0x880c479,0x880c4ba,0x880c4fb,SwordType
Myrmidon (F),0x2c8,MyrmDesc,0x14,0x16,0xf,0x0,0x72,0x5,21,4,7,7,2,2,5,5,60,20,20,20,20,20,20,3,51,40,51,70,26,26,45,0,0,0,0,0,0,SwordmasterUnlock,DRank,NoRank,NoRank,NoRank,NoRank,NoRank,NoRank,NoRank,0x88af114,0x880b849,0x880bc9a,0x880c0aa,0x880c479,0x880c4ba,0x880c4fb,SwordType
Swordmaster,0x2c9,SwordmasterDesc,0x15,0x13,0x10,0x0,0x73,0x6,24,6,7,10,5,5,8,6,60,20,20,20,20,20,20,3,51,40,51,70,26,26,45,5,2,0,0,2,1,SwordmasterUnlock|IsPromoted|CritBoost,CRank,NoRank,NoRank,NoRank,NoRank,NoRank,NoRank,NoRank,0x88af120,0x880b808,0x880bc59,0x880c069,0x880c479,0x880c4ba,0x880c4fb,SwordType
Swordmaster (F),0x2c9,SwordmasterDesc,0x16,0x14,0x11,0x0,0x73,0x6,24,6,7,10,5,5,8,6,60,20,20,20,20,20,20,3,51,40,51,70,26,26,25,4,2,1,0,2,1,SwordmasterUnlock|IsPromoted|CritBoost,CRank,NoRank,NoRank,NoRank,NoRank,NoRank,NoRank,NoRank,0x88af12c,0x880b808,0x880bc59,0x880c069,0x880c479,0x880c4ba,0x880c4fb,SwordType
Assassin,0x2ca,AssassinDesc,0x17,0xd,0x12,0x0,0x8e,0x8,23,6,10,10,4,5,7,7,60,20,30,30,20,20,20,3,30,30,55,65,10,10,100,3,1,0,0,2,2,CanUseLockpick|IsPromoted|SwordmasterUnlock|Lethality,DRank,NoRank,NoRank,NoRank,NoRank,NoRank,NoRank,NoRank,0x88af138,0x880b9cf,0x880be20,0x880c230,0x880c479,0x880c4ba,0x880c4fb,SwordType
Assassin (F),0x2ca,AssassinDesc,0x18,0xd,0x13,0x0,0x8e,0x8,23,6,10,10,4,5,7,7,60,20,30,30,20,20,20,3,30,30,55,65,10,10,100,2,1,1,1,2,1,CanUseLockpick|IsPromoted|SwordmasterUnlock|Lethality,DRank,NoRank,NoRank,NoRank,NoRank,NoRank,NoRank,NoRank,0x88af144,0x880b9cf,0x880be20,0x880c230,0x880c479,0x880c4ba,0x880c4fb,SwordType
Archer,0x2cb,ArcherDesc,0x19,0x1b,0x14,0x0,0x78,0xa,20,6,7,3,2,1,9,5,60,20,20,20,20,20,20,3,35,55,55,34,20,20,45,0,0,0,0,0,0,UseBallista,NoRank,NoRank,NoRank,DRank,NoRank,NoRank,NoRank,NoRank,0x88af150,0x880b849,0x880bc9a,0x880c0aa,0x880c479,0x880c4ba,0x880c4fb,0x0
Archer (F),0x2cb,ArcherDesc,0x1a,0x1c,0x15,0x0,0x78,0xa,20,6,7,3,2,1,9,5,60,20,20,20,20,20,20,3,35,55,55,34,20,20,45,0,0,0,0,0,0,UseBallista,NoRank,NoRank,NoRank,DRank,NoRank,NoRank,NoRank,NoRank,0x88af168,0x880b849,0x880bc9a,0x880c0aa,0x880c479,0x880c4ba,0x880c4fb,0x0
Sniper,0x2cc,SniperDesc,0x1b,0x19,0x16,0x0,0x79,0xb,24,7,9,7,6,3,11,6,60,20,20,20,20,20,20,3,50,45,55,40,35,25,45,3,1,2,2,2,3,IsPromoted|UseBallista,NoRank,NoRank,NoRank,CRank,NoRank,NoRank,NoRank,NoRank,0x88af180,0x880b808,0x880bc59,0x880c069,0x880c479,0x880c4ba,0x880c4fb,0x0
Sniper (F),0x2cc,SniperDesc,0x1c,0x1a,0x17,0x0,0x79,0xb,24,7,9,7,6,3,11,6,60,20,20,20,20,20,20,3,50,45,55,40,35,25,45,4,3,1,1,2,2,IsPromoted|UseBallista,NoRank,NoRank,NoRank,CRank,NoRank,NoRank,NoRank,NoRank,0x88af198,0x880b808,0x880bc59,0x880c069,0x880c479,0x880c4ba,0x880c4fb,0x0
Ranger,0x2cd,RangerDesc,0x1d,0x19,0x18,0x0,0x97,0xc,26,7,6,7,6,3,9,7,60,20,20,20,20,20,20,3,60,25,30,35,15,15,25,3,2,1,1,3,3,HorseIcon|IsPromoted|MountedAid|HasCanto,DRank,NoRank,NoRank,DRank,NoRank,NoRank,NoRank,NoRank,0x88af1b0,0x880bb55,0x880bfa6,0x880c3b6,0x880c479,0x880c4ba,0x880c4fb,HorseType
Ranger (F),0x2cd,RangerDesc,0x1e,0x1a,0x18,0x0,0x97,0xc,26,6,6,7,5,4,8,7,60,20,20,20,20,20,20,3,60,25,30,35,15,20,25,2,2,2,1,3,3,HorseIcon|IsPromoted|MountedAid|HasCanto,DRank,NoRank,NoRank,DRank,NoRank,NoRank,NoRank,NoRank,0x88af1c0,0x880bb55,0x880bfa6,0x880c3b6,0x880c479,0x880c4ba,0x880c4fb,HorseType
Wyvern Rider,0x2ce,WyvernRDesc,0x1f,0x21,0x19,0x0,0x88,0xd,25,6,5,4,7,0,10,7,60,20,20,20,20,20,20,3,60,55,34,40,40,5,20,0,0,0,0,0,0,MountedAid|HasCanto,NoRank,NoRank,DRank,NoRank,NoRank,NoRank,NoRank,NoRank,WyvernRiderAnim|IsPointer,0x880bb96,0x880bfe7,0x880c3f7,0x880c53c,0x880c57d,0x880c5be,DragonType|FlierType
Wyvern Rider (F),0x2ce,WyvernRDesc,0x20,0x22,0x1a,0x0,0x88,0xd,25,6,5,4,7,0,10,7,60,20,20,20,20,20,20,3,60,55,34,40,40,5,20,0,0,0,0,0,0,MountedAid|HasCanto,NoRank,DRank,NoRank,NoRank,NoRank,NoRank,NoRank,NoRank,WyvernRiderAnim|IsPointer,0x880bb96,0x880bfe7,0x880c3f7,0x880c53c,0x880c57d,0x880c5be,DragonType|FlierType
Wyvern Lord,0x2cf,WyvernLDesc,0x21,0x1f,0x1b,0x0,0x89,0xe,27,8,7,6,9,2,11,8,60,20,20,20,20,20,20,3,60,55,30,30,40,5,20,4,2,2,0,2,0,MountedAid|HasCanto|IsPromoted,DRank,CRank,NoRank,NoRank,NoRank,NoRank,NoRank,NoRank,WyvernLordAnim|IsPointer,0x880bb96,0x880bfe7,0x880c3f7,0x880c53c,0x880c57d,0x880c5be,DragonType|FlierType
Wyvern Lord (F),0x2cf,WyvernLDesc,0x22,0x20,0x1c,0x0,0x89,0xe,27,8,7,6,9,2,11,8,60,20,20,20,20,20,20,3,60,55,30,30,40,5,20,0,0,0,0,0,0,MountedAid|HasCanto|IsPromoted,DRank,CRank,NoRank,NoRank,NoRank,NoRank,NoRank,NoRank,WyvernLordAnim|IsPointer,0x880bb96,0x880bfe7,0x880c3f7,0x880c53c,0x880c57d,0x880c5be,DragonType|FlierType
Wyvern Knight,0x2d0,WyvernLDesc,0x23,0x1f,0x1d,0x0,0x93,0xf,25,7,7,8,7,1,10,8,60,20,20,20,20,20,20,3,65,35,30,30,15,17,25,3,1,2,3,0,1,MountedAid|HasCanto|DragonIcon|IsPromoted,NoRank,CRank,NoRank,NoRank,NoRank,NoRank,NoRank,NoRank,0x88af208,0x880bb96,0x880bfe7,0x880c3f7,0x880c53c,0x880c57d,0x880c5be,DragonType|FlierType
Wyvern Knight (F),0x2d0,WyvernLDesc,0x24,0x20,0x1d,0x0,0x93,0xf,24,6,8,9,6,2,9,8,60,20,20,20,20,20,20,3,65,35,30,30,15,20,25,3,2,1,2,1,1,MountedAid|HasCanto|DragonIcon|IsPromoted,NoRank,CRank,NoRank,NoRank,NoRank,NoRank,NoRank,NoRank,0x88af214,0x880bb96,0x880bfe7,0x880c3f7,0x880c53c,0x880c57d,0x880c5be,DragonType|FlierType
Mage,0x2d1,MageDesc,0x25,0x27,0x1e,0x0,0x7c,0x12,20,5,7,5,1,3,8,5,60,20,20,20,20,20,20,3,40,55,51,40,20,30,40,1,0,1,2,1,2,0x0,NoRank,NoRank,NoRank,NoRank,NoRank,DRank,NoRank,NoRank,0x88af220,0x880ba10,0x880be61,0x880c271,0x880c479,0x880c4ba,0x880c4fb,0x0
Mage (F),0x2d1,MageDesc,0x26,0x28,0x1f,0x0,0x7c,0x12,20,5,7,5,1,3,8,5,60,20,20,20,20,20,20,3,40,55,51,40,20,30,40,0,0,0,0,0,0,0x0,NoRank,NoRank,NoRank,NoRank,NoRank,DRank,NoRank,NoRank,0x88af234,0x880ba10,0x880be61,0x880c271,0x880c479,0x880c4ba,0x880c4fb,0x0
Sage,0x2d2,SageDesc,0x27,0x25,0x20,0x0,0x7d,0x13,22,6,7,8,3,5,8,6,60,20,20,20,20,20,20,3,40,55,50,35,25,30,40,4,1,0,0,3,3,IsPromoted,NoRank,NoRank,NoRank,NoRank,DRank,CRank,DRank,NoRank,0x88af248,0x880ba10,0x880be61,0x880c271,0x880c479,0x880c4ba,0x880c4fb,0x0
Sage (F),0x2d2,SageDesc,0x28,0x26,0x21,0x0,0x7d,0x13,22,6,7,8,3,5,8,6,60,20,20,20,20,20,20,3,40,55,50,35,25,30,40,3,1,1,0,3,3,IsPromoted,NoRank,NoRank,NoRank,NoRank,DRank,CRank,DRank,NoRank,0x88af260,0x880ba10,0x880be61,0x880c271,0x880c479,0x880c4ba,0x880c4fb,0x0
Mage Knight,0x2d3,MKDesc,0x29,0x25,0x22,0x0,0x95,0x14,25,4,3,5,5,5,8,7,60,20,20,20,20,20,20,3,45,40,30,40,10,40,30,4,2,0,0,2,2,HorseIcon|IsPromoted|MountedAid|HasCanto,NoRank,NoRank,NoRank,NoRank,DRank,CRank,NoRank,NoRank,0x88af278,0x880bad3,0x880bf24,0x880c334,0x880c479,0x880c4ba,0x880c4fb,HorseType
Mage Knight (F),0x2d3,MKDesc,0x2a,0x26,0x23,0x0,0x95,0x14,25,3,5,6,3,6,6,7,60,20,20,20,20,20,20,3,45,40,30,40,10,40,40,3,2,1,0,2,2,HorseIcon|IsPromoted|MountedAid|HasCanto,NoRank,NoRank,NoRank,NoRank,DRank,CRank,NoRank,NoRank,0x88af290,0x880bad3,0x880bf24,0x880c334,0x880c479,0x880c4ba,0x880c4fb,HorseType
Bishop,0x2d4,BishopDesc,0x2b,0x45,0x24,0x0,0x7b,0x18,26,4,4,4,3,8,7,6,60,20,20,20,20,20,20,3,45,35,25,22,8,40,40,3,2,1,0,3,2,IsPromoted,NoRank,NoRank,NoRank,NoRank,CRank,NoRank,DRank,NoRank,0x88af2a8,0x880ba10,0x880be61,0x880c271,0x880c479,0x880c4ba,0x880c4fb,0x0
Bishop (F),0x2d4,BishopDesc,0x2c,0x4a,0x25,0x0,0x7b,0x18,26,4,5,4,2,9,5,6,60,20,20,20,20,20,20,3,45,35,25,22,8,50,40,3,1,2,1,2,2,IsPromoted,NoRank,NoRank,NoRank,NoRank,CRank,NoRank,DRank,NoRank,0x88af2c0,0x880ba10,0x880be61,0x880c271,0x880c479,0x880c4ba,0x880c4fb,0x0
Shaman,0x2e1,ShamanDesc,0x2d,0x2f,0x26,0x1,0x7e,0x1b,23,8,5,3,2,5,11,5,60,20,20,20,20,20,20,3,60,55,40,20,50,40,10,1,2,0,1,1,2,0x0,NoRank,NoRank,NoRank,NoRank,NoRank,NoRank,NoRank,DRank,0x88af2d8,0x880ba10,0x880be61,0x880c271,0x880c479,0x880c4ba,0x880c4fb,0x0
Shaman (F),0x2e1,ShamanDesc,0x2e,0x30,0x26,0x1,0x7e,0x1b,23,8,5,3,2,5,11,5,60,20,20,20,20,20,20,3,60,55,40,20,50,40,10,0,0,0,0,0,0,0x0,NoRank,NoRank,NoRank,NoRank,NoRank,NoRank,NoRank,DRank,0x88af2ec,0x880ba10,0x880be61,0x880c271,0x880c479,0x880c4ba,0x880c4fb,0x0
Druid,0x2e2,DruidDesc,0x2f,0x2d,0x27,0x1,0x7f,0x1c,24,6,3,4,4,6,8,6,60,20,20,20,20,20,20,3,45,55,30,25,10,35,20,4,0,0,3,2,2,IsPromoted,NoRank,NoRank,NoRank,NoRank,ERank,DRank,NoRank,CRank,0x88af300,0x880ba10,0x880be61,0x880c271,0x880c479,0x880c4ba,0x880c4fb,0x0
Druid (F),0x2e2,DruidDesc,0x30,0x2e,0x27,0x1,0x7f,0x1c,24,7,3,4,3,7,4,6,60,20,20,20,20,20,20,3,45,55,30,25,10,35,20,0,0,0,0,0,0,IsPromoted,NoRank,NoRank,NoRank,NoRank,ERank,DRank,NoRank,CRank,0x88af318,0x880ba10,0x880be61,0x880c271,0x880c479,0x880c4ba,0x880c4fb,0x0
Summoner,0x2e3,SummonerDesc,0x31,0x2d,0x28,0x0,0x7f,0x1d,23,5,3,4,3,5,8,6,60,20,20,20,20,20,20,3,45,50,30,25,8,35,20,3,0,1,3,1,3,Summoning|IsPromoted,NoRank,NoRank,NoRank,NoRank,ERank,NoRank,NoRank,CRank,0x88af330,0x880ba10,0x880be61,0x880c271,0x880c479,0x880c4ba,0x880c4fb,0x0
Summoner (F),0x2e3,SummonerDesc,0x32,0x2e,0x28,0x0,0x7f,0x1d,23,5,3,4,3,5,4,6,60,20,20,20,20,20,20,3,45,50,30,25,8,35,20,0,0,0,0,0,0,Summoning|IsPromoted,NoRank,NoRank,NoRank,NoRank,ERank,NoRank,NoRank,CRank,0x88af348,0x880ba10,0x880be61,0x880c271,0x880c479,0x880c4ba,0x880c4fb,0x0
Rogue,TricksterName,RogueDesc,0x33,0xd,0x29,0x0,0x94,0x9,21,3,1,9,2,0,7,6,60,20,20,20,20,20,20,3,50,10,45,35,5,20,40,2,1,1,0,2,2,IsPromoted|CanUseLockpick|Steal,ERank,NoRank,NoRank,NoRank,NoRank,NoRank,NoRank,NoRank,0x88af360,0x880b9cf,0x880be20,0x880c230,0x880c479,0x880c4ba,0x880c4fb,SwordType
Gorgon Egg,0x300,0x34c,0x34,0x0,0x2a,0x0,0xa6,0x0,50,0,0,0,10,10,6,0,60,20,20,20,20,20,20,3,100,0,0,0,0,0,0,0,0,0,0,0,0,0x0,NoRank,NoRank,NoRank,NoRank,NoRank,NoRank,NoRank,NoRank,0x0,0x0,0x0,0x0,0x880c479,0x880c4ba,0x880c4fb,MonsterType
Great Knight,0x2e0,GKDesc,0x35,0x9,0x2b,0x1,0x96,0x22,26,8,4,6,11,3,13,6,60,20,20,20,20,20,20,3,70,30,20,15,21,20,20,3,2,1,2,2,1,HorseIcon|IsPromoted|MountedAid|HasCanto,ERank,DRank,DRank,NoRank,NoRank,NoRank,NoRank,NoRank,0x88af36c,0x880bad3,0x880bf24,0x880c334,0x880c479,0x880c4ba,0x880c4fb,HorseType
Great Knight (F),0x2e0,GKDesc,0x36,0xa,0x2b,0x1,0x96,0x22,25,6,6,7,9,3,10,6,60,20,20,20,20,20,20,3,70,30,25,20,21,22,20,3,1,1,2,2,2,HorseIcon|IsPromoted|MountedAid|HasCanto,ERank,DRank,DRank,NoRank,NoRank,NoRank,NoRank,NoRank,0x88af38c,0x880bad3,0x880bf24,0x880c334,0x880c479,0x880c4ba,0x880c4fb,HorseType
Recruit (2),0x2da,0x332,0x37,0x3a,0x2c,0x0,0x8a,0x28,23,5,3,3,6,0,6,5,60,20,20,20,20,20,20,3,75,45,40,40,25,35,40,2,1,1,1,2,1,0x0,NoRank,DRank,NoRank,NoRank,NoRank,NoRank,NoRank,NoRank,0x88af3ac,0x880b849,0x880bc9a,0x880c0aa,0x880c479,0x880c4ba,0x880c4fb,0x0
Journeyman (3),0x2d8,0x324,0x38,0x7e,0x2d,0x0,0x74,0x27,33,8,5,6,5,0,8,6,60,20,20,20,20,20,20,3,85,55,40,32,18,20,40,4,1,2,2,2,2,CritBoost|IsPromoted,NoRank,NoRank,CRank,NoRank,NoRank,NoRank,NoRank,NoRank,0x88af3b8,0x880b8cb,0x880bd1c,0x880c12c,0x880c479,0x880c4ba,0x880c4fb,0x0
Pupil (3),0x2d9,0x325,0x39,0x7f,0x2e,0x0,0x7c,0x29,25,5,4,4,5,5,5,6,60,20,20,20,20,20,20,3,55,55,40,35,10,30,40,4,2,0,1,3,3,IsPromoted,NoRank,NoRank,NoRank,NoRank,NoRank,CRank,ERank,DRank,0x88af3d0,0x880ba10,0x880be61,0x880c271,0x880c479,0x880c4ba,0x880c4fb,0x0
Recruit (3),0x2da,0x332,0x3a,0x37,0x2c,0x0,0x8a,0x28,28,6,6,11,7,6,6,6,60,20,20,20,20,20,20,3,75,45,40,40,25,35,40,2,2,1,1,2,1,IsPromoted|CritBoost,NoRank,CRank,NoRank,NoRank,NoRank,NoRank,NoRank,NoRank,0x88af3e4,0x880b849,0x880bc9a,0x880c0aa,0x880c479,0x880c4ba,0x880c4fb,0x0
Manakete,0x2d7,0x323,0x3b,0x1f,0x2f,0x0,0xa9,0x1f,20,0,0,2,1,1,25,3,60,20,20,20,20,20,20,3,95,40,30,20,0,10,25,0,0,0,0,0,0,UseMonsterWeapons|IsPromoted,NoRank,NoRank,NoRank,NoRank,NoRank,NoRank,NoRank,NoRank,0x88af3f0,0x880bb96,0x880bfe7,0x880c3f7,0x880c53c,0x880c57d,0x880c5be,DragonType
Manakete (F),0x2d7,0x323,0x3c,0x20,0x30,0x0,0x8f,0x1f,12,0,0,2,2,2,5,6,60,20,20,20,20,20,20,2,95,40,30,20,0,10,25,0,0,0,0,0,0,UseMonsterWeapons,NoRank,NoRank,NoRank,NoRank,NoRank,NoRank,NoRank,NoRank,0x88af3fc,0x880bb96,0x880bfe7,0x880c3f7,0x880c53c,0x880c57d,0x880c5be,DragonType
Journeyman (1),0x2d8,0x324,0x3d,0x0,0x2d,0x0,0x74,0x27,14,3,0,1,1,0,8,4,60,20,20,20,20,20,20,1,85,55,40,32,18,20,40,0,0,0,0,0,0,TraineeLevelCap,NoRank,NoRank,ERank,NoRank,NoRank,NoRank,NoRank,NoRank,0x88af408,0x880b8cb,0x880bd1c,0x880c12c,0x880c479,0x880c4ba,0x880c4fb,0x0
Pupil (1),0x2d9,0x325,0x3e,0x0,0x2e,0x0,0x7c,0x29,13,1,0,1,0,3,5,4,60,20,20,20,20,20,20,1,55,55,40,35,10,30,40,0,0,0,0,0,0,TraineeLevelCap,NoRank,NoRank,NoRank,NoRank,NoRank,ERank,NoRank,NoRank,0x88af420,0x880ba10,0x880be61,0x880c271,0x880c479,0x880c4ba,0x880c4fb,0x0
Fighter,0x2dc,FighterDesc,0x3f,0x40,0x31,0x0,0x74,0x23,24,7,6,5,5,0,13,5,60,20,20,20,20,20,20,3,70,60,40,35,26,10,30,2,2,1,0,0,1,0x0,NoRank,NoRank,DRank,NoRank,NoRank,NoRank,NoRank,NoRank,0x88af434,0x880b8cb,0x880bd1c,0x880c12c,0x880c479,0x880c4ba,0x880c4fb,0x0
Warrior,0x2dd,WarriorDesc,0x40,0x3f,0x32,0x0,0x75,0x25,28,8,5,6,5,0,13,6,60,20,20,20,20,20,20,3,80,45,25,20,16,17,15,3,1,2,0,3,3,IsPromoted,NoRank,NoRank,CRank,ERank,NoRank,NoRank,NoRank,NoRank,0x88af44c,0x880b8cb,0x880bd1c,0x880c12c,0x880c479,0x880c4ba,0x880c4fb,0x0
Brigand,0x2de,BrigandDesc,0x41,0x43,0x33,0x0,0x8b,0x0,21,5,3,8,2,0,12,5,60,20,20,20,20,20,20,3,82,51,30,51,10,13,15,2,1,1,0,1,1,0x0,NoRank,NoRank,DRank,NoRank,NoRank,NoRank,NoRank,NoRank,0x88af468,0x880b94d,0x880bd9e,0x880c1ae,0x880c479,0x880c4ba,0x880c4fb,0x0
Pirate,0x2ee,PirateDesc,0x42,0x43,0x34,0x0,0x8c,0x24,23,6,2,3,4,0,12,5,60,20,20,20,20,20,20,3,70,60,40,30,25,10,30,2,2,0,1,1,0,0x0,NoRank,NoRank,DRank,NoRank,NoRank,NoRank,NoRank,NoRank,0x88af480,0x880b98e,0x880bddf,0x880c1ef,0x880c479,0x880c4ba,0x880c4fb,0x0
Berserker,0x2df,BerserkerDesc,0x43,0x42,0x35,0x0,0x8d,0x26,27,10,8,8,6,0,13,6,60,20,20,20,20,20,20,3,70,60,40,30,25,10,30,4,1,1,1,2,2,IsPromoted|CritBoost,NoRank,NoRank,CRank,NoRank,NoRank,NoRank,NoRank,NoRank,0x88af498,0x880b90c,0x880bd5d,0x880c16d,0x880c479,0x880c4ba,0x880c4fb,0x0
Monk,0x2e4,MonkDesc,0x44,0x0,0x36,0x0,0x7a,0x17,19,4,8,7,2,7,7,5,60,20,20,20,20,20,20,3,45,45,65,51,26,30,40,0,0,0,0,0,0,0x0,NoRank,NoRank,NoRank,NoRank,NoRank,NoRank,ERank,NoRank,0x88af4b0,0x880ba10,0x880be61,0x880c271,0x880c479,0x880c4ba,0x880c4fb,0x0
Priest,0x2e6,PriestDesc,0x45,0x27,0x37,0x0,0x7a,0x15,21,3,5,5,2,5,5,5,60,20,20,20,20,20,20,2,30,40,20,30,20,80,120,0,0,0,0,0,0,0x0,NoRank,NoRank,NoRank,NoRank,DRank,NoRank,NoRank,NoRank,0x88af4c4,0x880ba10,0x880be61,0x880c271,0x880c479,0x880c4ba,0x880c4fb,0x0
Bard,0x2e5,0x331,0x46,0x0,0x38,0x0,0x8b,0x0,14,1,2,7,1,0,6,5,60,20,20,20,20,20,20,2,45,45,30,60,0,13,70,0,0,0,0,0,0,CanPlay,NoRank,NoRank,NoRank,NoRank,NoRank,NoRank,NoRank,NoRank,0x0,0x880b849,0x880bc9a,0x880c0aa,0x880c479,0x880c4ba,0x880c4fb,0x0
Recruit (1),0x2da,0x332,0x47,0x0,0x2c,0x0,0x8a,0x28,13,3,0,1,0,1,6,4,60,20,20,20,20,20,20,1,75,45,40,40,25,35,40,0,0,0,0,0,0,TraineeLevelCap,NoRank,ERank,NoRank,NoRank,NoRank,NoRank,NoRank,NoRank,0x88af4d0,0x880b849,0x880bc9a,0x880c0aa,0x880c479,0x880c4ba,0x880c4fb,0x0
Pegasus Knight,0x2e7,PegasusDesc,0x48,0x49,0x39,0x0,0x86,0x10,20,4,5,7,3,2,9,7,60,20,20,20,20,20,20,3,65,35,40,51,12,35,35,0,0,0,0,0,0,MountedAid|HasCanto,NoRank,DRank,NoRank,NoRank,NoRank,NoRank,NoRank,NoRank,0x88af4dc,0x880bb96,0x880bfe7,0x880c3f7,0x880c53c,0x880c57d,0x880c5be,FlierType
Falcon Knight,0x2e8,FalconDesc,0x49,0x48,0x3a,0x0,0x87,0x11,21,6,7,7,5,4,6,8,60,20,20,20,20,20,20,3,60,30,30,30,12,30,30,5,2,0,2,2,2,MountedAid|HasCanto|IsPromoted,ERank,CRank,NoRank,NoRank,NoRank,NoRank,NoRank,NoRank,0x88af4e8,0x880bb96,0x880bfe7,0x880c3f7,0x880c53c,0x880c57d,0x880c5be,FlierType
Cleric,0x2e9,PriestDesc,0x4a,0x2c,0x3b,0x0,0x7a,0x16,21,3,5,3,2,5,5,5,60,20,20,20,20,20,20,2,30,40,20,30,20,80,120,0,0,0,0,0,0,0x0,NoRank,NoRank,NoRank,NoRank,DRank,NoRank,NoRank,NoRank,0x88af4f8,0x880ba10,0x880be61,0x880c271,0x880c479,0x880c4ba,0x880c4fb,0x0
Troubadour,ThaumaturgeName,TroubDesc,0x4b,0x4c,0x3c,0x0,0x82,0x19,20,3,7,3,1,4,7,7,60,20,20,20,20,20,20,2,40,35,30,50,10,40,115,0,0,0,0,0,0,MountedAid|HasCanto,NoRank,NoRank,NoRank,NoRank,DRank,NoRank,NoRank,NoRank,TroubadourAnim|IsPointer,0x880ba92,0x880bee3,0x880c2f3,0x880c479,0x880c4ba,0x880c4fb,HorseType
Valkyrie,0x2eb,ValkDesc,0x4c,0x4b,0x3d,0x0,0x83,0x1a,19,4,3,5,4,8,6,8,60,20,20,20,20,20,20,3,45,35,25,45,10,40,40,3,2,1,0,2,3,MountedAid|HasCanto|HorseIcon|IsPromoted,NoRank,NoRank,NoRank,NoRank,DRank,NoRank,DRank,NoRank,0x88af510,0x880bad3,0x880bf24,0x880c334,0x880c479,0x880c4ba,0x880c4fb,HorseType
Dancer,0x2ec,0x338,0x4d,0x0,0x3e,0x0,0x8b,0x2a,14,1,2,7,0,1,4,5,60,10,10,30,24,26,20,2,45,45,30,60,0,13,70,0,0,0,0,0,0,CanDance,NoRank,NoRank,NoRank,NoRank,NoRank,NoRank,NoRank,NoRank,0x88af528,0x880b849,0x880bc9a,0x880c0aa,0x880c479,0x880c4ba,0x880c4fb,0x0
Soldier,LancerName,LancerDesc,0x4e,0x0,0x3f,0x0,0x8a,0x0,22,6,5,4,5,2,11,5,60,20,20,20,20,20,20,2,65,40,55,40,40,15,25,0,0,0,0,0,0,0x0,NoRank,ERank,NoRank,NoRank,NoRank,NoRank,NoRank,NoRank,0x88af53c,0x880b849,0x880bc9a,0x880c0aa,0x880c479,0x880c4ba,0x880c4fb,0x0
Necromancer,0x2ef,0x33b,0x4f,0x2d,0x40,0x0,0x7f,0x2b,18,9,4,5,3,8,7,6,60,20,20,20,20,20,20,3,45,55,30,25,10,35,20,0,0,0,0,0,0,IsPromoted|Summoning,NoRank,NoRank,NoRank,NoRank,SRank,NoRank,NoRank,SRank,0x88af548,0x880ba10,0x880be61,0x880c271,0x880c479,0x880c4ba,0x880c4fb,0x0
Fleet,0x2f0,0x33c,0x50,0x0,0x41,0x0,0x92,0x0,19,1,1,2,5,0,25,3,60,20,20,20,30,20,20,3,75,35,40,32,15,15,15,0,0,0,0,0,0,0x0,NoRank,NoRank,NoRank,CRank,NoRank,NoRank,NoRank,NoRank,0x0,0x880b98e,0x880bddf,0x880c1ef,0x880c479,0x880c4ba,0x880c4fb,0x0
Phantom,0x2f1,0x33d,0x51,0x0,0x42,0x0,0x98,0x1e,1,5,2,4,0,0,11,5,1,20,20,20,0,0,20,3,0,55,35,45,15,15,50,0,0,0,0,0,0,0x0,NoRank,NoRank,CRank,NoRank,NoRank,NoRank,NoRank,NoRank,0x0,0x880bb96,0x880bfe7,0x880c3f7,0x880c53c,0x880c57d,0x880c5be,0x0
Revenant,0x2f2,0x33e,0x52,0x53,0x43,0x0,0x99,0x0,28,7,4,2,4,0,6,4,60,20,20,20,20,20,20,3,100,60,30,30,26,10,30,0,0,0,0,0,0,UseMonsterWeapons,NoRank,NoRank,NoRank,NoRank,NoRank,NoRank,NoRank,NoRank,0x88af560,0x880b849,0x880bc9a,0x880c0aa,0x880c479,0x880c4ba,0x880c4fb,MonsterType
Entombed,0x2f3,0x33f,0x53,0x52,0x44,0x0,0x9a,0x0,31,9,6,4,6,0,6,5,60,20,20,20,20,20,20,1,100,60,30,30,26,10,30,0,0,0,0,0,0,UseMonsterWeapons|IsPromoted,NoRank,NoRank,NoRank,NoRank,NoRank,NoRank,NoRank,NoRank,0x88af56c,0x880b849,0x880bc9a,0x880c0aa,0x880c479,0x880c4ba,0x880c4fb,MonsterType
Bonewalker,0x2f4,0x340,0x54,0x56,0x45,0x0,0x9b,0x0,22,7,6,6,5,0,9,5,60,20,20,20,20,20,20,3,65,51,45,51,35,15,25,0,0,0,0,0,0,SwordmasterUnlock,CRank,CRank,NoRank,NoRank,NoRank,NoRank,NoRank,NoRank,0x88af578,0x880b849,0x880bc9a,0x880c0aa,0x880c479,0x880c4ba,0x880c4fb,MonsterType
Bonewalker (Bow),0x2f4,0x340,0x55,0x57,0x46,0x0,0x9b,0x0,28,8,7,5,3,1,9,5,60,20,20,20,20,20,20,3,51,51,55,40,35,25,45,0,0,0,0,0,0,0x0,NoRank,NoRank,NoRank,CRank,NoRank,NoRank,NoRank,NoRank,0x88af588,0x880b849,0x880bc9a,0x880c0aa,0x880c479,0x880c4ba,0x880c4fb,MonsterType
Wight,0x2f5,0x341,0x56,0x54,0x47,0x0,0x9c,0x0,28,9,9,7,6,2,11,6,60,20,20,20,20,20,20,3,65,45,55,40,35,15,25,0,0,0,0,0,0,SwordmasterUnlock|IsPromoted,ARank,ARank,NoRank,NoRank,NoRank,NoRank,NoRank,NoRank,0x88af594,0x880b849,0x880bc9a,0x880c0aa,0x880c479,0x880c4ba,0x880c4fb,MonsterType
Wight (Bow),0x2f5,0x341,0x57,0x55,0x48,0x0,0x9c,0x0,28,10,10,6,4,3,11,6,60,20,20,20,20,20,20,3,51,51,55,40,35,25,45,0,0,0,0,0,0,IsPromoted,NoRank,NoRank,NoRank,ARank,NoRank,NoRank,NoRank,NoRank,0x88af5a4,0x880b849,0x880bc9a,0x880c0aa,0x880c479,0x880c4ba,0x880c4fb,MonsterType
Bael,0x2f6,0x342,0x58,0x59,0x49,0x0,0x9d,0x0,24,8,7,2,6,0,12,5,60,30,28,26,26,22,20,3,90,55,35,45,33,5,20,0,0,0,0,0,0,UseMonsterWeapons,NoRank,NoRank,NoRank,NoRank,NoRank,NoRank,NoRank,NoRank,0x88af5b0,0x880b94d,0x880bd9e,0x880c1ae,0x880c479,0x880c4ba,0x880c4fb,MonsterType
Elder Bael,0x2f7,0x343,0x59,0x58,0x4a,0x0,0x9e,0x0,26,10,9,5,8,0,15,6,60,20,20,20,20,20,20,3,90,55,35,45,33,5,20,0,0,0,0,0,0,UseMonsterWeapons|IsPromoted,NoRank,NoRank,NoRank,NoRank,NoRank,NoRank,NoRank,NoRank,0x88af5bc,0x880b94d,0x880bd9e,0x880c1ae,0x880c479,0x880c4ba,0x880c4fb,MonsterType
Cyclops,0x2f8,0x344,0x5a,0x9,0x4b,0x0,0x9f,0x0,30,10,8,4,7,2,20,6,60,20,20,20,20,20,20,3,250,100,40,35,26,10,30,0,0,0,0,0,0,IsPromoted,NoRank,NoRank,ARank,NoRank,NoRank,NoRank,NoRank,NoRank,0x88af5c8,0x880b8cb,0x880bd1c,0x880c12c,0x880c479,0x880c4ba,0x880c4fb,MonsterType
Mauthe Doog,0x2f9,0x345,0x5b,0x5c,0x4c,0x0,0xa0,0x0,19,7,7,9,2,6,7,7,60,20,20,20,20,20,20,3,51,51,35,70,26,26,45,0,0,0,0,0,0,UseMonsterWeapons,NoRank,NoRank,NoRank,NoRank,NoRank,NoRank,NoRank,NoRank,0x88af5e0,0x880bb14,0x880bf65,0x880c375,0x880c479,0x880c4ba,0x880c4fb,MonsterType
Gwyllgi,0x2fa,0x346,0x5c,0x5b,0x4d,0x0,0xa1,0x0,22,9,10,12,3,7,9,8,60,20,20,20,20,20,20,3,51,51,35,70,26,26,45,0,0,0,0,0,0,UseMonsterWeapons|IsPromoted,NoRank,NoRank,NoRank,NoRank,NoRank,NoRank,NoRank,NoRank,0x88af5ec,0x880bb55,0x880bfa6,0x880c3b6,0x880c479,0x880c4ba,0x880c4fb,MonsterType
Tarvos,0x2fb,0x347,0x5d,0x5e,0x4e,0x0,0xa2,0x0,25,8,6,4,5,0,11,7,60,20,20,20,20,20,20,3,55,55,40,35,26,15,20,0,0,0,0,0,0,0x0,NoRank,NoRank,CRank,NoRank,NoRank,NoRank,NoRank,NoRank,0x88af5f8,0x880bb14,0x880bf65,0x880c375,0x880c479,0x880c4ba,0x880c4fb,MonsterType
Maelduin,0x2fc,0x348,0x5e,0x5d,0x4f,0x0,0xa3,0x0,28,10,7,6,8,1,13,8,60,20,20,20,20,20,20,3,55,55,40,35,26,15,20,0,0,0,0,0,0,IsPromoted,NoRank,NoRank,ARank,ARank,NoRank,NoRank,NoRank,NoRank,0x88af610,0x880bb55,0x880bfa6,0x880c3b6,0x880c479,0x880c4ba,0x880c4fb,MonsterType
Mogall,0x2fd,0x349,0x5f,0x60,0x50,0x0,0xa4,0x0,21,7,7,3,1,4,8,5,60,20,20,20,20,20,20,3,45,55,60,35,15,30,40,0,0,0,0,0,0,UseMonsterWeapons,NoRank,NoRank,NoRank,NoRank,NoRank,NoRank,NoRank,CRank,0x88af62c,0x880bb96,0x880bfe7,0x880c3f7,0x880c53c,0x880c57d,0x880c5be,MonsterType
Arch Mogall,0x2fe,0x34a,0x60,0x5f,0x51,0x0,0xa5,0x0,24,9,10,5,2,7,10,6,60,20,20,20,20,20,20,3,45,55,60,35,15,30,40,0,0,0,0,0,0,UseMonsterWeapons|IsPromoted,NoRank,NoRank,NoRank,NoRank,NoRank,NoRank,NoRank,ARank,0x88af640,0x880bb96,0x880bfe7,0x880c3f7,0x880c53c,0x880c57d,0x880c5be,MonsterType
Gorgon,0x2ff,0x34b,0x61,0x5f,0x52,0x0,0xa6,0x0,30,10,9,8,6,9,11,6,60,20,20,20,20,20,20,3,76,55,60,35,60,60,10,0,0,0,0,0,0,UseMonsterWeapons|IsPromoted,NoRank,NoRank,NoRank,NoRank,NoRank,NoRank,NoRank,ARank,0x88af654,0x880ba10,0x880be61,0x880c271,0x880c479,0x880c4ba,0x880c4fb,MonsterType
Gorgon Egg,0x300,0x34c,0x62,0x0,0x53,0x0,0xa6,0x0,50,0,0,0,10,10,6,0,60,30,30,30,30,30,20,3,100,0,0,0,0,0,0,0,0,0,0,0,0,0x0,NoRank,NoRank,NoRank,NoRank,NoRank,NoRank,NoRank,NoRank,0x0,0x0,0x0,0x0,0x880c479,0x880c4ba,0x880c4fb,MonsterType
Gargoyle,0x301,0x34d,0x63,0x64,0x54,0x0,0xa7,0x0,25,7,6,5,9,0,9,6,60,20,20,20,20,20,20,3,60,55,35,35,76,0,20,0,0,0,0,0,0,0x0,NoRank,CRank,NoRank,NoRank,NoRank,NoRank,NoRank,NoRank,0x88af668,0x880bb96,0x880bfe7,0x880c3f7,0x880c53c,0x880c57d,0x880c5be,MonsterType
Deathgoyle,0x302,0x34e,0x64,0x63,0x55,0x0,0xa8,0x0,28,9,9,7,12,0,12,7,60,20,20,20,20,20,20,3,60,55,35,35,76,0,20,0,0,0,0,0,0,IsPromoted,NoRank,ARank,NoRank,NoRank,NoRank,NoRank,NoRank,NoRank,0x88af674,0x880bb96,0x880bfe7,0x880c3f7,0x880c53c,0x880c57d,0x880c5be,MonsterType
Dracozombie,0x303,0x34f,0x65,0x1f,0x56,0x0,0xa9,0x0,45,15,10,6,5,5,20,5,60,20,20,20,20,20,20,3,100,51,51,51,51,51,100,0,0,0,0,0,0,UseMonsterWeapons|IsPromoted,NoRank,NoRank,NoRank,NoRank,NoRank,NoRank,NoRank,NoRank,0x88af680,0x880bb96,0x880bfe7,0x880c3f7,0x880c53c,0x880c57d,0x880c5be,MonsterType
Demon King,0x304,0x350,0x66,0x1f,0x57,0x0,0xaa,0x0,120,20,20,20,20,20,20,2,120,50,50,50,50,50,20,5,100,100,100,100,100,100,100,0,0,0,0,0,0,UseMonsterWeapons|IsPromoted,NoRank,NoRank,NoRank,NoRank,NoRank,NoRank,NoRank,NoRank,0x88af68c,0x880bbd7,0x880bbd7,0x880bbd7,0x880c479,0x880c4ba,0x880c4fb,MonsterType
Archer on Ballista,0x0,0x0,0x67,0x0,0x58,0x0,0x0,0x0,0,0,0,0,0,0,0,0,0,0,0,0,0,0,0,3,0,0,0,0,0,10,0,0,0,0,0,0,0,0x0,NoRank,NoRank,NoRank,NoRank,NoRank,NoRank,NoRank,NoRank,0x0,0x0,0x0,0x0,0x880c479,0x880c4ba,0x880c4fb,0x0
Archer on Iron Ballista,0x0,0x0,0x68,0x0,0x59,0x0,0x0,0x0,0,0,0,0,0,0,0,0,0,0,0,0,0,0,0,0,0,0,0,0,0,0,0,0,0,0,0,0,0,0x0,NoRank,NoRank,NoRank,NoRank,NoRank,NoRank,NoRank,NoRank,0x0,0x0,0x0,0x0,0x880c479,0x880c4ba,0x880c4fb,0x0
Archer on Killer Ballista,0x0,0x0,0x69,0x0,0x5a,0x0,0x0,0x0,0,0,0,0,0,0,0,0,0,0,0,0,0,0,0,0,0,0,0,0,0,0,0,0,0,0,0,0,0,0x0,NoRank,NoRank,NoRank,NoRank,NoRank,NoRank,NoRank,NoRank,0x0,0x0,0x0,0x0,0x880c479,0x880c4ba,0x880c4fb,0x0
Ballista,0x0,0x0,0x6a,0x0,0x5b,0x0,0x0,0x0,0,0,0,0,0,0,0,0,0,0,0,0,0,0,0,0,0,0,0,0,0,0,0,0,0,0,0,0,0,0x0,NoRank,NoRank,NoRank,NoRank,NoRank,NoRank,NoRank,NoRank,0x0,0x0,0x0,0x0,0x880c479,0x880c4ba,0x880c4fb,0x0
Iron Ballista,0x0,0x0,0x6b,0x0,0x5c,0x0,0x0,0x0,0,0,0,0,0,0,0,0,0,0,0,0,0,0,0,0,0,0,0,0,0,0,0,0,0,0,0,0,0,0x0,NoRank,NoRank,NoRank,NoRank,NoRank,NoRank,NoRank,NoRank,0x0,0x0,0x0,0x0,0x880c479,0x880c4ba,0x880c4fb,0x0
Killer Ballista,0x0,0x0,0x6c,0x0,0x5d,0x0,0x0,0x0,0,0,0,0,0,0,0,0,0,0,0,0,0,0,0,0,0,0,0,0,0,0,0,0,0,0,0,0,0,0x0,NoRank,NoRank,NoRank,NoRank,NoRank,NoRank,NoRank,NoRank,0x0,0x0,0x0,0x0,0x880c479,0x880c4ba,0x880c4fb,0x0
Civilian,0x305,0x351,0x6d,0x0,0x5e,0x1,0x5e,0x0,8,1,0,0,0,0,4,5,60,20,20,20,20,20,20,1,10,0,0,0,0,10,0,0,0,0,0,0,0,0x0,NoRank,NoRank,NoRank,NoRank,NoRank,NoRank,NoRank,NoRank,0x0,0x880ba51,0x880bea2,0x880c2b2,0x880c479,0x880c4ba,0x880c4fb,0x0
Civilian (F),0x305,0x351,0x6e,0x0,0x5f,0x1,0x63,0x0,7,0,0,0,0,1,3,5,60,20,20,20,20,20,20,1,10,0,0,0,0,10,0,0,0,0,0,0,0,0x0,NoRank,NoRank,NoRank,NoRank,NoRank,NoRank,NoRank,NoRank,0x0,0x880ba51,0x880bea2,0x880c2b2,0x880c479,0x880c4ba,0x880c4fb,0x0
Civilian,0x305,0x351,0x6f,0x0,0x60,0x1,0x59,0x0,10,0,1,0,0,2,6,5,60,20,20,20,20,20,20,1,10,0,0,0,0,10,0,0,0,0,0,0,0,0x0,NoRank,NoRank,NoRank,NoRank,NoRank,NoRank,NoRank,NoRank,0x0,0x880ba51,0x880bea2,0x880c2b2,0x880c479,0x880c4ba,0x880c4fb,0x0
Civilian (F),0x305,0x351,0x70,0x0,0x61,0x1,0x62,0x0,9,0,1,0,0,1,4,5,60,20,20,20,20,20,20,1,10,0,0,0,0,10,0,0,0,0,0,0,0,0x0,NoRank,NoRank,NoRank,NoRank,NoRank,NoRank,NoRank,NoRank,0x0,0x880ba51,0x880bea2,0x880c2b2,0x880c479,0x880c4ba,0x880c4fb,0x0
Civilian,0x305,0x351,0x71,0x0,0x60,0x1,0x5c,0x0,12,3,0,0,2,0,7,5,60,20,20,20,20,20,20,1,10,0,0,0,0,10,0,0,0,0,0,0,0,0x0,NoRank,NoRank,NoRank,NoRank,NoRank,NoRank,NoRank,NoRank,0x0,0x880ba51,0x880bea2,0x880c2b2,0x880c479,0x880c4ba,0x880c4fb,0x0
Civilian (F),0x305,0x351,0x72,0x0,0x61,0x1,0x61,0x0,10,0,1,0,1,1,5,5,60,20,20,20,20,20,20,1,10,0,0,0,0,10,0,0,0,0,0,0,0,0x0,NoRank,NoRank,NoRank,NoRank,NoRank,NoRank,NoRank,NoRank,0x0,0x880ba51,0x880bea2,0x880c2b2,0x880c479,0x880c4ba,0x880c4fb,0x0
Peer,0x0,0x0,0x73,0x0,0x62,0x1,0x1,0x0,10,0,0,0,0,0,8,5,60,20,20,20,20,20,20,1,10,0,0,0,0,10,0,0,0,0,0,0,0,0x0,NoRank,NoRank,NoRank,NoRank,NoRank,NoRank,NoRank,NoRank,0x0,0x880ba51,0x880bea2,0x880c2b2,0x880c479,0x880c4ba,0x880c4fb,0x0
Queen,0x307,0x353,0x74,0x0,0x63,0x1,0x1,0x0,10,0,0,0,0,0,5,5,60,20,20,20,20,20,20,1,10,0,0,0,0,10,0,0,0,0,0,0,0,0x0,NoRank,NoRank,NoRank,NoRank,NoRank,NoRank,NoRank,NoRank,0x0,0x880ba51,0x880bea2,0x880c2b2,0x880c479,0x880c4ba,0x880c4fb,0x0
Prince,0x0,0x0,0x75,0x0,0x64,0x1,0x1,0x0,10,0,0,0,0,0,7,5,60,20,20,20,20,20,20,1,10,0,0,0,0,10,0,0,0,0,0,0,0,0x0,NoRank,NoRank,NoRank,NoRank,NoRank,NoRank,NoRank,NoRank,0x0,0x880ba51,0x880bea2,0x880c2b2,0x880c479,0x880c4ba,0x880c4fb,0x0
Queen,0x307,0x353,0x76,0x0,0x65,0x1,0x1,0x0,10,0,0,0,0,0,6,5,60,20,20,20,20,20,20,1,10,0,0,0,0,10,0,0,0,0,0,0,0,0x0,NoRank,NoRank,NoRank,NoRank,NoRank,NoRank,NoRank,NoRank,0x0,0x880ba51,0x880bea2,0x880c2b2,0x880c479,0x880c4ba,0x880c4fb,0x0
(empty),0x0,0x0,0x77,0x0,0x66,0x0,0x0,0x0,0,0,0,0,0,0,0,0,0,0,0,0,0,0,0,0,0,0,0,0,0,0,0,0,0,0,0,0,0,0x0,NoRank,NoRank,NoRank,NoRank,NoRank,NoRank,NoRank,NoRank,0x0,0x0,0x0,0x0,0x880c479,0x880c4ba,0x880c4fb,0x0
Fallen Prince,0x0,0x0,0x78,0x0,0x67,0x1,0x1,0x0,10,0,0,0,0,0,25,5,60,20,20,20,20,20,20,1,10,0,0,0,0,10,0,0,0,0,0,0,0,0x0,NoRank,NoRank,NoRank,NoRank,NoRank,NoRank,NoRank,NoRank,0x0,0x880ba51,0x880bea2,0x880c2b2,0x880c479,0x880c4ba,0x880c4fb,0x0
Tent,0x0,0x0,0x79,0x0,0x68,0x1,0x1,0x0,15,0,3,3,3,0,25,0,60,20,20,20,20,20,20,1,10,0,0,0,0,10,0,0,0,0,0,0,0,CannotControl|IsSupply,NoRank,NoRank,NoRank,NoRank,NoRank,NoRank,NoRank,NoRank,0x0,0x880ba51,0x880bea2,0x880c2b2,0x880c479,0x880c4ba,0x880c4fb,0x0
Pontifex,0x306,0x352,0x7a,0x0,0x69,0x1,0x1,0x0,10,0,0,0,0,0,8,5,60,20,20,20,20,20,20,1,10,0,0,0,0,10,0,0,0,0,0,0,0,0x0,NoRank,NoRank,NoRank,NoRank,NoRank,NoRank,NoRank,NoRank,0x0,0x880ba51,0x880bea2,0x880c2b2,0x880c479,0x880c4ba,0x880c4fb,0x0
Dead Peer,0x0,0x0,0x7b,0x0,0x6a,0x1,0x1,0x0,10,0,0,0,0,0,25,5,60,20,20,20,20,20,20,1,10,0,0,0,0,10,0,0,0,0,0,0,0,0x0,NoRank,NoRank,NoRank,NoRank,NoRank,NoRank,NoRank,NoRank,0x0,0x880ba51,0x880bea2,0x880c2b2,0x880c479,0x880c4ba,0x880c4fb,0x0
Cyclops,0x2f8,0x344,0x7c,0x9,0x4b,0x0,0x9f,0x0,40,8,5,6,13,0,16,5,80,29,29,28,30,25,20,3,95,30,35,25,24,25,10,0,0,0,0,0,0,IsPromoted,NoRank,NoRank,SRank,NoRank,NoRank,NoRank,NoRank,NoRank,0x88af6a4,0x880b8cb,0x880bd1c,0x880c12c,0x880c479,0x880c4ba,0x880c4fb,MonsterType
Elder Bael,0x2f7,0x343,0x7d,0x58,0x4a,0x0,0x9e,0x0,36,8,5,5,9,4,15,6,80,30,28,26,26,22,20,3,85,45,25,20,21,17,10,0,0,0,0,0,0,UseMonsterWeapons|IsPromoted,NoRank,NoRank,NoRank,NoRank,NoRank,NoRank,NoRank,NoRank,0x88af6bc,0x880b94d,0x880bd9e,0x880c1ae,0x880c479,0x880c4ba,0x880c4fb,MonsterType
Journeyman (2),0x2d8,0x324,0x7e,0x38,0x2d,0x0,0x74,0x27,20,5,3,4,2,1,8,5,60,20,20,20,20,20,20,3,85,55,40,32,18,20,40,2,0,2,0,2,2,0x0,NoRank,NoRank,DRank,NoRank,NoRank,NoRank,NoRank,NoRank,0x88af6c8,0x880b8cb,0x880bd1c,0x880c12c,0x880c479,0x880c4ba,0x880c4fb,0x0
Pupil (2),0x2d9,0x325,0x7f,0x39,0x2e,0x0,0x7c,0x29,17,2,3,3,3,3,5,5,60,20,20,20,20,20,20,3,55,55,40,35,10,30,40,2,1,1,0,2,2,0x0,NoRank,NoRank,NoRank,NoRank,NoRank,DRank,NoRank,NoRank,0x88af6e0,0x880ba10,0x880be61,0x880c271,0x880c479,0x880c4ba,0x880c4fb,0x0
